<?xml version="1.0" encoding="UTF-8"?>
<GenRun Id="impl_1" LaunchPart="xc7a35tcsg324-1" LaunchTime="1712664415">
  <File Type="ROUTE-PWR" Name="adder_1bit_power_routed.rpt"/>
  <File Type="PA-TCL" Name="adder_1bit.tcl"/>
  <File Type="ROUTE-PWR-SUM" Name="adder_1bit_power_summary_routed.pb"/>
  <File Type="REPORTS-TCL" Name="adder_1bit_reports.tcl"/>
  <File Type="BITSTR-MSK" Name="adder_1bit.msk"/>
  <File Type="ROUTE-CLK" Name="adder_1bit_clock_utilization_routed.rpt"/>
  <File Type="RDI-RDI" Name="adder_1bit.vdi"/>
  <File Type="POSTROUTE-PHYSOPT-BUS-SKEW-PB" Name="adder_1bit_bus_skew_postroute_physopted.pb"/>
  <File Type="BG-BIT" Name="adder_1bit.bit"/>
  <File Type="BG-DRC" Name="adder_1bit.drc"/>
  <File Type="BG-BGN" Name="adder_1bit.bgn"/>
  <File Type="BG-BIN" Name="adder_1bit.bin"/>
  <File Type="BITSTR-RBT" Name="adder_1bit.rbt"/>
  <File Type="BITSTR-NKY" Name="adder_1bit.nky"/>
  <File Type="BITSTR-BMM" Name="adder_1bit_bd.bmm"/>
  <File Type="BITSTR-MMI" Name="adder_1bit.mmi"/>
  <File Type="ROUTE-METHODOLOGY-DRC" Name="adder_1bit_methodology_drc_routed.rpt"/>
  <File Type="BITSTR-SYSDEF" Name="adder_1bit.sysdef"/>
  <File Type="BITSTR-LTX" Name="debug_nets.ltx"/>
  <File Type="BITSTR-LTX" Name="adder_1bit.ltx"/>
  <File Type="WBT-USG" Name="usage_statistics_webtalk.html"/>
  <File Type="OPT-DRC" Name="adder_1bit_drc_opted.rpt"/>
  <File Type="OPT-HWDEF" Name="adder_1bit.hwdef"/>
  <File Type="PLACE-IO" Name="adder_1bit_io_placed.rpt"/>
  <File Type="PLACE-UTIL" Name="adder_1bit_utilization_placed.rpt"/>
  <File Type="PLACE-UTIL-PB" Name="adder_1bit_utilization_placed.pb"/>
  <File Type="PLACE-CTRL" Name="adder_1bit_control_sets_placed.rpt"/>
  <File Type="PLACE-PRE-SIMILARITY" Name="adder_1bit_incremental_reuse_pre_placed.rpt"/>
  <File Type="ROUTE-DRC" Name="adder_1bit_drc_routed.rpt"/>
  <File Type="ROUTE-DRC-PB" Name="adder_1bit_drc_routed.pb"/>
  <File Type="ROUTE-PWR-RPX" Name="adder_1bit_power_routed.rpx"/>
  <File Type="ROUTE-STATUS" Name="adder_1bit_route_status.rpt"/>
  <File Type="ROUTE-STATUS-PB" Name="adder_1bit_route_status.pb"/>
  <File Type="ROUTE-DCP" Name="adder_1bit_routed.dcp"/>
  <File Type="ROUTE-ERROR-DCP" Name="adder_1bit_routed_error.dcp"/>
  <File Type="ROUTE-BLACKBOX-DCP" Name="adder_1bit_routed_bb.dcp"/>
  <File Type="ROUTE-TIMINGSUMMARY" Name="adder_1bit_timing_summary_routed.rpt"/>
  <File Type="ROUTE-TIMING-PB" Name="adder_1bit_timing_summary_routed.pb"/>
  <File Type="ROUTE-TIMING-RPX" Name="adder_1bit_timing_summary_routed.rpx"/>
  <File Type="ROUTE-SIMILARITY" Name="adder_1bit_incremental_reuse_routed.rpt"/>
  <File Type="ROUTE-BUS-SKEW" Name="adder_1bit_bus_skew_routed.rpt"/>
  <File Type="ROUTE-BUS-SKEW-PB" Name="adder_1bit_bus_skew_routed.pb"/>
  <File Type="ROUTE-BUS-SKEW-RPX" Name="adder_1bit_bus_skew_routed.rpx"/>
  <File Type="OPT-DCP" Name="adder_1bit_opt.dcp"/>
  <File Type="PLACE-DCP" Name="adder_1bit_placed.dcp"/>
  <File Type="PWROPT-DCP" Name="adder_1bit_pwropt.dcp"/>
  <File Type="POSTPLACE-PWROPT-DCP" Name="adder_1bit_postplace_pwropt.dcp"/>
  <File Type="PHYSOPT-DCP" Name="adder_1bit_physopt.dcp"/>
  <File Type="POSTROUTE-PHYSOPT-DCP" Name="adder_1bit_postroute_physopt.dcp"/>
  <File Type="POSTROUTE-PHYSOPT-BLACKBOX-DCP" Name="adder_1bit_postroute_physopt_bb.dcp"/>
  <File Type="POSTROUTE-PHYSOPT-TIMING" Name="adder_1bit_timing_summary_postroute_physopted.rpt"/>
  <File Type="POSTROUTE-PHYSOPT-TIMING-PB" Name="adder_1bit_timing_summary_postroute_physopted.pb"/>
  <File Type="POSTROUTE-PHYSOPT-TIMING-RPX" Name="adder_1bit_timing_summary_postroute_physopted.rpx"/>
  <File Type="POSTROUTE-PHYSOPT-BUS-SKEW" Name="adder_1bit_bus_skew_postroute_physopted.rpt"/>
  <File Type="POSTROUTE-PHYSOPT-BUS-SKEW-RPX" Name="adder_1bit_bus_skew_postroute_physopted.rpx"/>
  <File Type="ROUTE-METHODOLOGY-DRC-PB" Name="adder_1bit_methodology_drc_routed.pb"/>
  <File Type="ROUTE-DRC-RPX" Name="adder_1bit_drc_routed.rpx"/>
  <File Type="ROUTE-METHODOLOGY-DRC-RPX" Name="adder_1bit_methodology_drc_routed.rpx"/>
  <File Type="PDI-FILE" Name="adder_1bit.pdi"/>
  <File Type="BOOT-PDI-FILE" Name="adder_1bit_boot.pdi"/>
  <File Type="PL-PDI-FILE" Name="adder_1bit_pld.pdi"/>
  <File Type="RCFI_FILE" Name="adder_1bit.rcfi"/>
  <File Type="CFI_FILE" Name="adder_1bit.cfi"/>
  <File Type="RNPI_FILE" Name="adder_1bit.rnpi"/>
  <File Type="NPI_FILE" Name="adder_1bit.npi"/>
  <File Type="RBD_FILE" Name="adder_1bit.rbd"/>
  <File Type="ROUTE-RQS" Name="adder_1bit_routed.rqs"/>
  <File Type="POSTROUTE-PHYSOPT-RQS" Name="adder_1bit_postroute_physopted.rqs"/>
  <File Type="ROUTE-RQS-RPT" Name="route_report_qor_suggestions_0.rpt"/>
  <File Type="POSTROUTE-PHYSOPT-RQS-RPT" Name="postroute_physopt_report_qor_suggestions_0.rpt"/>
  <FileSet Name="sources" Type="DesignSrcs" RelSrcDir="$PSRCDIR/sources_1" RelGenDir="$PGENDIR/sources_1">
    <Filter Type="Srcs"/>
    <File Path="$PSRCDIR/sources_1/new/adder_1bit.v">
      <FileInfo>
        <Attr Name="UsedIn" Val="synthesis"/>
        <Attr Name="UsedIn" Val="implementation"/>
        <Attr Name="UsedIn" Val="simulation"/>
      </FileInfo>
    </File>
    <Config>
      <Option Name="DesignMode" Val="RTL"/>
      <Option Name="TopModule" Val="adder_1bit"/>
      <Option Name="TopAutoSet" Val="TRUE"/>
    </Config>
  </FileSet>
  <FileSet Name="constrs_in" Type="Constrs" RelSrcDir="$PSRCDIR/constrs_1" RelGenDir="$PGENDIR/constrs_1">
    <Filter Type="Constrs"/>
    <File Path="$PSRCDIR/constrs_1/new/top.xdc">
      <FileInfo>
        <Attr Name="UsedIn" Val="synthesis"/>
        <Attr Name="UsedIn" Val="implementation"/>
      </FileInfo>
    </File>
    <Config>
      <Option Name="ConstrsType" Val="XDC"/>
    </Config>
  </FileSet>
  <FileSet Name="utils" Type="Utils" RelSrcDir="$PSRCDIR/utils_1" RelGenDir="$PGENDIR/utils_1">
    <Filter Type="Utils"/>
    <Config>
      <Option Name="TopAutoSet" Val="TRUE"/>
    </Config>
  </FileSet>
  <Strategy Version="1" Minor="2">
    <StratHandle Name="Vivado Implementation Defaults" Flow="Vivado Implementation 2023"/>
    <Step Id="init_design"/>
    <Step Id="opt_design"/>
    <Step Id="power_opt_design"/>
    <Step Id="place_design"/>
    <Step Id="post_place_power_opt_design"/>
    <Step Id="phys_opt_design"/>
    <Step Id="route_design"/>
    <Step Id="post_route_phys_opt_design"/>
    <Step Id="write_bitstream"/>
    <Step Id="write_device_image"/>
  </Strategy>
</GenRun>
