<?xml version="1.0" encoding="UTF-8"?>
<GenRun Id="impl_1" LaunchPart="xc7a35tcsg324-1" LaunchTime="1703945591">
  <File Type="ROUTE-PWR" Name="x7seg_top_power_routed.rpt"/>
  <File Type="PA-TCL" Name="x7seg_top.tcl"/>
  <File Type="BITSTR-BMM" Name="x7seg_top_bd.bmm"/>
  <File Type="ROUTE-PWR-SUM" Name="x7seg_top_power_summary_routed.pb"/>
  <File Type="REPORTS-TCL" Name="x7seg_top_reports.tcl"/>
  <File Type="OPT-DCP" Name="x7seg_top_opt.dcp"/>
  <File Type="OPT-DRC" Name="x7seg_top_drc_opted.rpt"/>
  <File Type="OPT-HWDEF" Name="x7seg_top.hwdef"/>
  <File Type="PWROPT-DCP" Name="x7seg_top_pwropt.dcp"/>
  <File Type="PLACE-DCP" Name="x7seg_top_placed.dcp"/>
  <File Type="PLACE-IO" Name="x7seg_top_io_placed.rpt"/>
  <File Type="PLACE-UTIL" Name="x7seg_top_utilization_placed.rpt"/>
  <File Type="PLACE-UTIL-PB" Name="x7seg_top_utilization_placed.pb"/>
  <File Type="PLACE-CTRL" Name="x7seg_top_control_sets_placed.rpt"/>
  <File Type="PLACE-PRE-SIMILARITY" Name="x7seg_top_incremental_reuse_pre_placed.rpt"/>
  <File Type="BG-BGN" Name="x7seg_top.bgn"/>
  <File Type="POSTPLACE-PWROPT-DCP" Name="x7seg_top_postplace_pwropt.dcp"/>
  <File Type="BG-BIN" Name="x7seg_top.bin"/>
  <File Type="PHYSOPT-DCP" Name="x7seg_top_physopt.dcp"/>
  <File Type="BITSTR-MSK" Name="x7seg_top.msk"/>
  <File Type="ROUTE-ERROR-DCP" Name="x7seg_top_routed_error.dcp"/>
  <File Type="ROUTE-DCP" Name="x7seg_top_routed.dcp"/>
  <File Type="ROUTE-BLACKBOX-DCP" Name="x7seg_top_routed_bb.dcp"/>
  <File Type="ROUTE-DRC" Name="x7seg_top_drc_routed.rpt"/>
  <File Type="ROUTE-DRC-PB" Name="x7seg_top_drc_routed.pb"/>
  <File Type="ROUTE-DRC-RPX" Name="x7seg_top_drc_routed.rpx"/>
  <File Type="BITSTR-LTX" Name="x7seg_top.ltx"/>
  <File Type="ROUTE-METHODOLOGY-DRC" Name="x7seg_top_methodology_drc_routed.rpt"/>
  <File Type="BITSTR-MMI" Name="x7seg_top.mmi"/>
  <File Type="ROUTE-METHODOLOGY-DRC-RPX" Name="x7seg_top_methodology_drc_routed.rpx"/>
  <File Type="ROUTE-METHODOLOGY-DRC-PB" Name="x7seg_top_methodology_drc_routed.pb"/>
  <File Type="BITSTR-SYSDEF" Name="x7seg_top.sysdef"/>
  <File Type="ROUTE-PWR-RPX" Name="x7seg_top_power_routed.rpx"/>
  <File Type="ROUTE-STATUS" Name="x7seg_top_route_status.rpt"/>
  <File Type="ROUTE-STATUS-PB" Name="x7seg_top_route_status.pb"/>
  <File Type="ROUTE-TIMINGSUMMARY" Name="x7seg_top_timing_summary_routed.rpt"/>
  <File Type="ROUTE-TIMING-PB" Name="x7seg_top_timing_summary_routed.pb"/>
  <File Type="ROUTE-TIMING-RPX" Name="x7seg_top_timing_summary_routed.rpx"/>
  <File Type="ROUTE-CLK" Name="x7seg_top_clock_utilization_routed.rpt"/>
  <File Type="ROUTE-BUS-SKEW" Name="x7seg_top_bus_skew_routed.rpt"/>
  <File Type="ROUTE-BUS-SKEW-PB" Name="x7seg_top_bus_skew_routed.pb"/>
  <File Type="ROUTE-BUS-SKEW-RPX" Name="x7seg_top_bus_skew_routed.rpx"/>
  <File Type="POSTROUTE-PHYSOPT-DCP" Name="x7seg_top_postroute_physopt.dcp"/>
  <File Type="POSTROUTE-PHYSOPT-BLACKBOX-DCP" Name="x7seg_top_postroute_physopt_bb.dcp"/>
  <File Type="BG-BIT" Name="x7seg_top.bit"/>
  <File Type="BITSTR-RBT" Name="x7seg_top.rbt"/>
  <File Type="BITSTR-NKY" Name="x7seg_top.nky"/>
  <File Type="BG-DRC" Name="x7seg_top.drc"/>
  <File Type="RDI-RDI" Name="x7seg_top.vdi"/>
  <File Type="WBT-USG" Name="usage_statistics_webtalk.html"/>
  <FileSet Name="sources" Type="DesignSrcs" RelSrcDir="$PSRCDIR/sources_1">
    <Filter Type="Srcs"/>
    <File Path="$PSRCDIR/sources_1/new/defines.v">
      <FileInfo>
        <Attr Name="UsedIn" Val="synthesis"/>
        <Attr Name="UsedIn" Val="implementation"/>
        <Attr Name="UsedIn" Val="simulation"/>
      </FileInfo>
    </File>
    <File Path="$PSRCDIR/sources_1/new/ctrl.v">
      <FileInfo>
        <Attr Name="UsedIn" Val="synthesis"/>
        <Attr Name="UsedIn" Val="implementation"/>
        <Attr Name="UsedIn" Val="simulation"/>
      </FileInfo>
    </File>
    <File Path="$PSRCDIR/sources_1/new/div.v">
      <FileInfo>
        <Attr Name="UsedIn" Val="synthesis"/>
        <Attr Name="UsedIn" Val="implementation"/>
        <Attr Name="UsedIn" Val="simulation"/>
      </FileInfo>
    </File>
    <File Path="$PSRCDIR/sources_1/new/ex.v">
      <FileInfo>
        <Attr Name="UsedIn" Val="synthesis"/>
        <Attr Name="UsedIn" Val="implementation"/>
        <Attr Name="UsedIn" Val="simulation"/>
      </FileInfo>
    </File>
    <File Path="$PSRCDIR/sources_1/new/ex_mem.v">
      <FileInfo>
        <Attr Name="UsedIn" Val="synthesis"/>
        <Attr Name="UsedIn" Val="implementation"/>
        <Attr Name="UsedIn" Val="simulation"/>
      </FileInfo>
    </File>
    <File Path="$PSRCDIR/sources_1/new/fenping.v">
      <FileInfo>
        <Attr Name="UsedIn" Val="synthesis"/>
        <Attr Name="UsedIn" Val="implementation"/>
        <Attr Name="UsedIn" Val="simulation"/>
      </FileInfo>
    </File>
    <File Path="$PSRCDIR/sources_1/new/hilo_reg.v">
      <FileInfo>
        <Attr Name="UsedIn" Val="synthesis"/>
        <Attr Name="UsedIn" Val="implementation"/>
        <Attr Name="UsedIn" Val="simulation"/>
      </FileInfo>
    </File>
    <File Path="$PSRCDIR/sources_1/new/id.v">
      <FileInfo>
        <Attr Name="UsedIn" Val="synthesis"/>
        <Attr Name="UsedIn" Val="implementation"/>
        <Attr Name="UsedIn" Val="simulation"/>
      </FileInfo>
    </File>
    <File Path="$PSRCDIR/sources_1/new/id_ex.v">
      <FileInfo>
        <Attr Name="UsedIn" Val="synthesis"/>
        <Attr Name="UsedIn" Val="implementation"/>
        <Attr Name="UsedIn" Val="simulation"/>
      </FileInfo>
    </File>
    <File Path="$PSRCDIR/sources_1/new/if_id.v">
      <FileInfo>
        <Attr Name="UsedIn" Val="synthesis"/>
        <Attr Name="UsedIn" Val="implementation"/>
        <Attr Name="UsedIn" Val="simulation"/>
      </FileInfo>
    </File>
    <File Path="$PSRCDIR/sources_1/new/inst_rom.v">
      <FileInfo>
        <Attr Name="UsedIn" Val="synthesis"/>
        <Attr Name="UsedIn" Val="implementation"/>
        <Attr Name="UsedIn" Val="simulation"/>
      </FileInfo>
    </File>
    <File Path="$PSRCDIR/sources_1/new/mem.v">
      <FileInfo>
        <Attr Name="UsedIn" Val="synthesis"/>
        <Attr Name="UsedIn" Val="implementation"/>
        <Attr Name="UsedIn" Val="simulation"/>
      </FileInfo>
    </File>
    <File Path="$PSRCDIR/sources_1/new/mem_wb.v">
      <FileInfo>
        <Attr Name="UsedIn" Val="synthesis"/>
        <Attr Name="UsedIn" Val="implementation"/>
        <Attr Name="UsedIn" Val="simulation"/>
      </FileInfo>
    </File>
    <File Path="$PSRCDIR/sources_1/new/openmips.v">
      <FileInfo>
        <Attr Name="UsedIn" Val="synthesis"/>
        <Attr Name="UsedIn" Val="implementation"/>
        <Attr Name="UsedIn" Val="simulation"/>
      </FileInfo>
    </File>
    <File Path="$PSRCDIR/sources_1/new/openmips_min_sopc.v">
      <FileInfo>
        <Attr Name="UsedIn" Val="synthesis"/>
        <Attr Name="UsedIn" Val="implementation"/>
        <Attr Name="UsedIn" Val="simulation"/>
      </FileInfo>
    </File>
    <File Path="$PSRCDIR/sources_1/new/pc_reg.v">
      <FileInfo>
        <Attr Name="UsedIn" Val="synthesis"/>
        <Attr Name="UsedIn" Val="implementation"/>
        <Attr Name="UsedIn" Val="simulation"/>
      </FileInfo>
    </File>
    <File Path="$PSRCDIR/sources_1/new/regfile.v">
      <FileInfo>
        <Attr Name="UsedIn" Val="synthesis"/>
        <Attr Name="UsedIn" Val="implementation"/>
        <Attr Name="UsedIn" Val="simulation"/>
      </FileInfo>
    </File>
    <File Path="$PSRCDIR/sources_1/new/x7seg.v">
      <FileInfo>
        <Attr Name="UsedIn" Val="synthesis"/>
        <Attr Name="UsedIn" Val="implementation"/>
        <Attr Name="UsedIn" Val="simulation"/>
      </FileInfo>
    </File>
    <File Path="$PSRCDIR/sources_1/new/x7seg_top.v">
      <FileInfo>
        <Attr Name="UsedIn" Val="synthesis"/>
        <Attr Name="UsedIn" Val="implementation"/>
        <Attr Name="UsedIn" Val="simulation"/>
      </FileInfo>
    </File>
    <Config>
      <Option Name="DesignMode" Val="RTL"/>
      <Option Name="TopModule" Val="x7seg_top"/>
      <Option Name="TopAutoSet" Val="TRUE"/>
    </Config>
  </FileSet>
  <FileSet Name="constrs_in" Type="Constrs" RelSrcDir="$PSRCDIR/constrs_1">
    <Filter Type="Constrs"/>
    <File Path="$PSRCDIR/constrs_1/new/top.xdc">
      <FileInfo>
        <Attr Name="UsedIn" Val="synthesis"/>
        <Attr Name="UsedIn" Val="implementation"/>
      </FileInfo>
    </File>
    <Config>
      <Option Name="ConstrsType" Val="XDC"/>
    </Config>
  </FileSet>
  <FileSet Name="utils" Type="Utils" RelSrcDir="$PSRCDIR/utils_1">
    <Filter Type="Utils"/>
    <Config>
      <Option Name="TopAutoSet" Val="TRUE"/>
    </Config>
  </FileSet>
  <Strategy Version="1" Minor="2">
    <StratHandle Name="Vivado Implementation Defaults" Flow="Vivado Implementation 2018"/>
    <Step Id="init_design"/>
    <Step Id="opt_design"/>
    <Step Id="power_opt_design"/>
    <Step Id="place_design"/>
    <Step Id="post_place_power_opt_design"/>
    <Step Id="phys_opt_design"/>
    <Step Id="route_design"/>
    <Step Id="post_route_phys_opt_design"/>
    <Step Id="write_bitstream"/>
  </Strategy>
</GenRun>
