<?xml version="1.0" encoding="UTF-8"?>
<GenRun Id="impl_1" LaunchPart="xc7a35tcsg324-1" LaunchTime="1710666036">
  <File Type="ROUTE-PWR" Name="Smart_responder_power_routed.rpt"/>
  <File Type="PA-TCL" Name="Smart_responder.tcl"/>
  <File Type="ROUTE-PWR-SUM" Name="Smart_responder_power_summary_routed.pb"/>
  <File Type="REPORTS-TCL" Name="Smart_responder_reports.tcl"/>
  <File Type="OPT-RQA-PB" Name="Smart_responder_rqa_opted.pb"/>
  <File Type="BITSTR-MMI" Name="Smart_responder.mmi"/>
  <File Type="OPT-METHODOLOGY-DRC" Name="Smart_responder_methodology_drc_opted.rpt"/>
  <File Type="INIT-TIMING" Name="Smart_responder_timing_summary_init.rpt"/>
  <File Type="OPT-TIMING" Name="Smart_responder_timing_summary_opted.rpt"/>
  <File Type="OPT-DCP" Name="Smart_responder_opt.dcp"/>
  <File Type="OPT-DRC" Name="Smart_responder_drc_opted.rpt"/>
  <File Type="OPT-HWDEF" Name="Smart_responder.hwdef"/>
  <File Type="PWROPT-DCP" Name="Smart_responder_pwropt.dcp"/>
  <File Type="PWROPT-DRC" Name="Smart_responder_drc_pwropted.rpt"/>
  <File Type="PWROPT-TIMING" Name="Smart_responder_timing_summary_pwropted.rpt"/>
  <File Type="PLACE-DCP" Name="Smart_responder_placed.dcp"/>
  <File Type="PLACE-IO" Name="Smart_responder_io_placed.rpt"/>
  <File Type="PLACE-CLK" Name="Smart_responder_clock_utilization_placed.rpt"/>
  <File Type="PLACE-UTIL" Name="Smart_responder_utilization_placed.rpt"/>
  <File Type="PLACE-UTIL-PB" Name="Smart_responder_utilization_placed.pb"/>
  <File Type="PLACE-CTRL" Name="Smart_responder_control_sets_placed.rpt"/>
  <File Type="PLACE-SIMILARITY" Name="Smart_responder_incremental_reuse_placed.rpt"/>
  <File Type="PLACE-PRE-SIMILARITY" Name="Smart_responder_incremental_reuse_pre_placed.rpt"/>
  <File Type="BG-BIN" Name="Smart_responder.bin"/>
  <File Type="PLACE-TIMING" Name="Smart_responder_timing_summary_placed.rpt"/>
  <File Type="ROUTE-PWR-RPX" Name="Smart_responder_power_routed.rpx"/>
  <File Type="PLACE-RQA-PB" Name="Smart_responder_rqa_placed.pb"/>
  <File Type="POSTPLACE-PWROPT-DCP" Name="Smart_responder_postplace_pwropt.dcp"/>
  <File Type="BITSTR-MSK" Name="Smart_responder.msk"/>
  <File Type="POSTPLACE-PWROPT-TIMING" Name="Smart_responder_timing_summary_postplace_pwropted.rpt"/>
  <File Type="PHYSOPT-DCP" Name="Smart_responder_physopt.dcp"/>
  <File Type="PHYSOPT-DRC" Name="Smart_responder_drc_physopted.rpt"/>
  <File Type="BITSTR-RBT" Name="Smart_responder.rbt"/>
  <File Type="PHYSOPT-TIMING" Name="Smart_responder_timing_summary_physopted.rpt"/>
  <File Type="ROUTE-ERROR-DCP" Name="Smart_responder_routed_error.dcp"/>
  <File Type="ROUTE-DCP" Name="Smart_responder_routed.dcp"/>
  <File Type="ROUTE-BLACKBOX-DCP" Name="Smart_responder_routed_bb.dcp"/>
  <File Type="ROUTE-DRC" Name="Smart_responder_drc_routed.rpt"/>
  <File Type="ROUTE-DRC-PB" Name="Smart_responder_drc_routed.pb"/>
  <File Type="ROUTE-DRC-RPX" Name="Smart_responder_drc_routed.rpx"/>
  <File Type="ROUTE-METHODOLOGY-DRC" Name="Smart_responder_methodology_drc_routed.rpt"/>
  <File Type="ROUTE-METHODOLOGY-DRC-RPX" Name="Smart_responder_methodology_drc_routed.rpx"/>
  <File Type="ROUTE-METHODOLOGY-DRC-PB" Name="Smart_responder_methodology_drc_routed.pb"/>
  <File Type="ROUTE-RQS-PB" Name="Smart_responder_rqs_routed.pb"/>
  <File Type="ROUTE-STATUS" Name="Smart_responder_route_status.rpt"/>
  <File Type="ROUTE-STATUS-PB" Name="Smart_responder_route_status.pb"/>
  <File Type="ROUTE-TIMINGSUMMARY" Name="Smart_responder_timing_summary_routed.rpt"/>
  <File Type="ROUTE-TIMING-PB" Name="Smart_responder_timing_summary_routed.pb"/>
  <File Type="ROUTE-TIMING-RPX" Name="Smart_responder_timing_summary_routed.rpx"/>
  <File Type="ROUTE-SIMILARITY" Name="Smart_responder_incremental_reuse_routed.rpt"/>
  <File Type="ROUTE-CLK" Name="Smart_responder_clock_utilization_routed.rpt"/>
  <File Type="ROUTE-BUS-SKEW" Name="Smart_responder_bus_skew_routed.rpt"/>
  <File Type="ROUTE-BUS-SKEW-PB" Name="Smart_responder_bus_skew_routed.pb"/>
  <File Type="ROUTE-BUS-SKEW-RPX" Name="Smart_responder_bus_skew_routed.rpx"/>
  <File Type="POSTROUTE-PHYSOPT-DCP" Name="Smart_responder_postroute_physopt.dcp"/>
  <File Type="POSTROUTE-PHYSOPT-BLACKBOX-DCP" Name="Smart_responder_postroute_physopt_bb.dcp"/>
  <File Type="POSTROUTE-PHYSOPT-TIMING" Name="Smart_responder_timing_summary_postroute_physopted.rpt"/>
  <File Type="POSTROUTE-PHYSOPT-TIMING-PB" Name="Smart_responder_timing_summary_postroute_physopted.pb"/>
  <File Type="POSTROUTE-PHYSOPT-TIMING-RPX" Name="Smart_responder_timing_summary_postroute_physopted.rpx"/>
  <File Type="POSTROUTE-PHYSOPT-BUS-SKEW" Name="Smart_responder_bus_skew_postroute_physopted.rpt"/>
  <File Type="BG-BIT" Name="Smart_responder.bit"/>
  <File Type="POSTROUTE-PHYSOPT-BUS-SKEW-PB" Name="Smart_responder_bus_skew_postroute_physopted.pb"/>
  <File Type="POSTROUTE-PHYSOPT-BUS-SKEW-RPX" Name="Smart_responder_bus_skew_postroute_physopted.rpx"/>
  <File Type="BITSTR-NKY" Name="Smart_responder.nky"/>
  <File Type="BITSTR-BMM" Name="Smart_responder_bd.bmm"/>
  <File Type="PDI-FILE" Name="Smart_responder.pdi"/>
  <File Type="BOOT-PDI-FILE" Name="Smart_responder_boot.pdi"/>
  <File Type="PL-PDI-FILE" Name="Smart_responder_pld.pdi"/>
  <File Type="RCFI_FILE" Name="Smart_responder.rcfi"/>
  <File Type="CFI_FILE" Name="Smart_responder.cfi"/>
  <File Type="RNPI_FILE" Name="Smart_responder.rnpi"/>
  <File Type="NPI_FILE" Name="Smart_responder.npi"/>
  <File Type="RBD_FILE" Name="Smart_responder.rbd"/>
  <File Type="BITSTR-LTX" Name="debug_nets.ltx"/>
  <File Type="BITSTR-LTX" Name="Smart_responder.ltx"/>
  <File Type="BITSTR-SYSDEF" Name="Smart_responder.sysdef"/>
  <File Type="BG-BGN" Name="Smart_responder.bgn"/>
  <File Type="BG-DRC" Name="Smart_responder.drc"/>
  <File Type="RDI-RDI" Name="Smart_responder.vdi"/>
  <File Type="WBT-USG" Name="usage_statistics_webtalk.html"/>
  <File Type="ROUTE-RQS" Name="Smart_responder_routed.rqs"/>
  <File Type="POSTROUTE-PHYSOPT-RQS" Name="Smart_responder_postroute_physopted.rqs"/>
  <File Type="ROUTE-RQS-RPT" Name="route_report_qor_suggestions_0.rpt"/>
  <File Type="POSTROUTE-PHYSOPT-RQS-RPT" Name="postroute_physopt_report_qor_suggestions_0.rpt"/>
  <FileSet Name="sources" Type="DesignSrcs" RelSrcDir="$PSRCDIR/sources_1" RelGenDir="$PGENDIR/sources_1">
    <Filter Type="Srcs"/>
    <File Path="C:/Users/12074/Desktop/lab4_source/count_down.v">
      <FileInfo>
        <Attr Name="UsedIn" Val="synthesis"/>
        <Attr Name="UsedIn" Val="implementation"/>
        <Attr Name="UsedIn" Val="simulation"/>
      </FileInfo>
    </File>
    <File Path="C:/Users/12074/Desktop/lab4_source/push_detect.v">
      <FileInfo>
        <Attr Name="UsedIn" Val="synthesis"/>
        <Attr Name="UsedIn" Val="implementation"/>
        <Attr Name="UsedIn" Val="simulation"/>
      </FileInfo>
    </File>
    <File Path="C:/Users/12074/Desktop/lab4_source/show_who.v">
      <FileInfo>
        <Attr Name="UsedIn" Val="synthesis"/>
        <Attr Name="UsedIn" Val="implementation"/>
        <Attr Name="UsedIn" Val="simulation"/>
      </FileInfo>
    </File>
    <File Path="C:/Users/12074/Desktop/lab4_source/Smart_responder.v">
      <FileInfo>
        <Attr Name="UsedIn" Val="synthesis"/>
        <Attr Name="UsedIn" Val="implementation"/>
        <Attr Name="UsedIn" Val="simulation"/>
      </FileInfo>
    </File>
    <Config>
      <Option Name="DesignMode" Val="RTL"/>
      <Option Name="TopModule" Val="Smart_responder"/>
      <Option Name="TopAutoSet" Val="TRUE"/>
    </Config>
  </FileSet>
  <FileSet Name="constrs_in" Type="Constrs" RelSrcDir="$PSRCDIR/constrs_1" RelGenDir="$PGENDIR/constrs_1">
    <Filter Type="Constrs"/>
    <File Path="C:/Users/12074/Desktop/lab4_source/Smart_responder.xdc">
      <FileInfo>
        <Attr Name="UsedIn" Val="synthesis"/>
        <Attr Name="UsedIn" Val="implementation"/>
      </FileInfo>
    </File>
    <Config>
      <Option Name="ConstrsType" Val="XDC"/>
    </Config>
  </FileSet>
  <FileSet Name="utils" Type="Utils" RelSrcDir="$PSRCDIR/utils_1" RelGenDir="$PGENDIR/utils_1">
    <Filter Type="Utils"/>
    <Config>
      <Option Name="TopAutoSet" Val="TRUE"/>
    </Config>
  </FileSet>
  <Strategy Version="1" Minor="2">
    <StratHandle Name="Vivado Implementation Defaults" Flow="Vivado Implementation 2023">
      <Desc>Default settings for Implementation.</Desc>
    </StratHandle>
    <Step Id="init_design"/>
    <Step Id="opt_design"/>
    <Step Id="power_opt_design"/>
    <Step Id="place_design"/>
    <Step Id="post_place_power_opt_design"/>
    <Step Id="phys_opt_design"/>
    <Step Id="route_design"/>
    <Step Id="post_route_phys_opt_design"/>
    <Step Id="write_bitstream"/>
  </Strategy>
</GenRun>
