<?xml version="1.0" encoding="UTF-8"?>
<GenRun Id="impl_1" LaunchPart="xc7a35tcsg324-1" LaunchTime="1712735883">
  <File Type="ROUTE-PWR" Name="addsub_4bit_power_routed.rpt"/>
  <File Type="PA-TCL" Name="addsub_4bit.tcl"/>
  <File Type="ROUTE-PWR-SUM" Name="addsub_4bit_power_summary_routed.pb"/>
  <File Type="REPORTS-TCL" Name="addsub_4bit_reports.tcl"/>
  <File Type="OPT-RQA-PB" Name="addsub_4bit_rqa_opted.pb"/>
  <File Type="BITSTR-MMI" Name="addsub_4bit.mmi"/>
  <File Type="OPT-METHODOLOGY-DRC" Name="addsub_4bit_methodology_drc_opted.rpt"/>
  <File Type="INIT-TIMING" Name="addsub_4bit_timing_summary_init.rpt"/>
  <File Type="OPT-TIMING" Name="addsub_4bit_timing_summary_opted.rpt"/>
  <File Type="OPT-DCP" Name="addsub_4bit_opt.dcp"/>
  <File Type="OPT-DRC" Name="addsub_4bit_drc_opted.rpt"/>
  <File Type="OPT-HWDEF" Name="addsub_4bit.hwdef"/>
  <File Type="PWROPT-DCP" Name="addsub_4bit_pwropt.dcp"/>
  <File Type="PWROPT-DRC" Name="addsub_4bit_drc_pwropted.rpt"/>
  <File Type="PWROPT-TIMING" Name="addsub_4bit_timing_summary_pwropted.rpt"/>
  <File Type="PLACE-DCP" Name="addsub_4bit_placed.dcp"/>
  <File Type="PLACE-IO" Name="addsub_4bit_io_placed.rpt"/>
  <File Type="PLACE-CLK" Name="addsub_4bit_clock_utilization_placed.rpt"/>
  <File Type="PLACE-UTIL" Name="addsub_4bit_utilization_placed.rpt"/>
  <File Type="PLACE-UTIL-PB" Name="addsub_4bit_utilization_placed.pb"/>
  <File Type="PLACE-CTRL" Name="addsub_4bit_control_sets_placed.rpt"/>
  <File Type="PLACE-SIMILARITY" Name="addsub_4bit_incremental_reuse_placed.rpt"/>
  <File Type="PLACE-PRE-SIMILARITY" Name="addsub_4bit_incremental_reuse_pre_placed.rpt"/>
  <File Type="BG-BIN" Name="addsub_4bit.bin"/>
  <File Type="PLACE-TIMING" Name="addsub_4bit_timing_summary_placed.rpt"/>
  <File Type="ROUTE-PWR-RPX" Name="addsub_4bit_power_routed.rpx"/>
  <File Type="PLACE-RQA-PB" Name="addsub_4bit_rqa_placed.pb"/>
  <File Type="POSTPLACE-PWROPT-DCP" Name="addsub_4bit_postplace_pwropt.dcp"/>
  <File Type="BITSTR-MSK" Name="addsub_4bit.msk"/>
  <File Type="POSTPLACE-PWROPT-TIMING" Name="addsub_4bit_timing_summary_postplace_pwropted.rpt"/>
  <File Type="PHYSOPT-DCP" Name="addsub_4bit_physopt.dcp"/>
  <File Type="PHYSOPT-DRC" Name="addsub_4bit_drc_physopted.rpt"/>
  <File Type="BITSTR-RBT" Name="addsub_4bit.rbt"/>
  <File Type="PHYSOPT-TIMING" Name="addsub_4bit_timing_summary_physopted.rpt"/>
  <File Type="ROUTE-ERROR-DCP" Name="addsub_4bit_routed_error.dcp"/>
  <File Type="ROUTE-DCP" Name="addsub_4bit_routed.dcp"/>
  <File Type="ROUTE-BLACKBOX-DCP" Name="addsub_4bit_routed_bb.dcp"/>
  <File Type="ROUTE-DRC" Name="addsub_4bit_drc_routed.rpt"/>
  <File Type="ROUTE-DRC-PB" Name="addsub_4bit_drc_routed.pb"/>
  <File Type="ROUTE-DRC-RPX" Name="addsub_4bit_drc_routed.rpx"/>
  <File Type="ROUTE-METHODOLOGY-DRC" Name="addsub_4bit_methodology_drc_routed.rpt"/>
  <File Type="ROUTE-METHODOLOGY-DRC-RPX" Name="addsub_4bit_methodology_drc_routed.rpx"/>
  <File Type="ROUTE-METHODOLOGY-DRC-PB" Name="addsub_4bit_methodology_drc_routed.pb"/>
  <File Type="ROUTE-RQS-PB" Name="addsub_4bit_rqs_routed.pb"/>
  <File Type="ROUTE-STATUS" Name="addsub_4bit_route_status.rpt"/>
  <File Type="ROUTE-STATUS-PB" Name="addsub_4bit_route_status.pb"/>
  <File Type="ROUTE-TIMINGSUMMARY" Name="addsub_4bit_timing_summary_routed.rpt"/>
  <File Type="ROUTE-TIMING-PB" Name="addsub_4bit_timing_summary_routed.pb"/>
  <File Type="ROUTE-TIMING-RPX" Name="addsub_4bit_timing_summary_routed.rpx"/>
  <File Type="ROUTE-SIMILARITY" Name="addsub_4bit_incremental_reuse_routed.rpt"/>
  <File Type="ROUTE-CLK" Name="addsub_4bit_clock_utilization_routed.rpt"/>
  <File Type="ROUTE-BUS-SKEW" Name="addsub_4bit_bus_skew_routed.rpt"/>
  <File Type="ROUTE-BUS-SKEW-PB" Name="addsub_4bit_bus_skew_routed.pb"/>
  <File Type="ROUTE-BUS-SKEW-RPX" Name="addsub_4bit_bus_skew_routed.rpx"/>
  <File Type="POSTROUTE-PHYSOPT-DCP" Name="addsub_4bit_postroute_physopt.dcp"/>
  <File Type="POSTROUTE-PHYSOPT-BLACKBOX-DCP" Name="addsub_4bit_postroute_physopt_bb.dcp"/>
  <File Type="POSTROUTE-PHYSOPT-TIMING" Name="addsub_4bit_timing_summary_postroute_physopted.rpt"/>
  <File Type="POSTROUTE-PHYSOPT-TIMING-PB" Name="addsub_4bit_timing_summary_postroute_physopted.pb"/>
  <File Type="POSTROUTE-PHYSOPT-TIMING-RPX" Name="addsub_4bit_timing_summary_postroute_physopted.rpx"/>
  <File Type="POSTROUTE-PHYSOPT-BUS-SKEW" Name="addsub_4bit_bus_skew_postroute_physopted.rpt"/>
  <File Type="BG-BIT" Name="addsub_4bit.bit"/>
  <File Type="POSTROUTE-PHYSOPT-BUS-SKEW-PB" Name="addsub_4bit_bus_skew_postroute_physopted.pb"/>
  <File Type="POSTROUTE-PHYSOPT-BUS-SKEW-RPX" Name="addsub_4bit_bus_skew_postroute_physopted.rpx"/>
  <File Type="BITSTR-NKY" Name="addsub_4bit.nky"/>
  <File Type="BITSTR-BMM" Name="addsub_4bit_bd.bmm"/>
  <File Type="PDI-FILE" Name="addsub_4bit.pdi"/>
  <File Type="BOOT-PDI-FILE" Name="addsub_4bit_boot.pdi"/>
  <File Type="PL-PDI-FILE" Name="addsub_4bit_pld.pdi"/>
  <File Type="RCFI_FILE" Name="addsub_4bit.rcfi"/>
  <File Type="CFI_FILE" Name="addsub_4bit.cfi"/>
  <File Type="RNPI_FILE" Name="addsub_4bit.rnpi"/>
  <File Type="NPI_FILE" Name="addsub_4bit.npi"/>
  <File Type="RBD_FILE" Name="addsub_4bit.rbd"/>
  <File Type="BITSTR-LTX" Name="debug_nets.ltx"/>
  <File Type="BITSTR-LTX" Name="addsub_4bit.ltx"/>
  <File Type="BITSTR-SYSDEF" Name="addsub_4bit.sysdef"/>
  <File Type="BG-BGN" Name="addsub_4bit.bgn"/>
  <File Type="BG-DRC" Name="addsub_4bit.drc"/>
  <File Type="RDI-RDI" Name="addsub_4bit.vdi"/>
  <File Type="WBT-USG" Name="usage_statistics_webtalk.html"/>
  <File Type="ROUTE-RQS" Name="addsub_4bit_routed.rqs"/>
  <File Type="POSTROUTE-PHYSOPT-RQS" Name="addsub_4bit_postroute_physopted.rqs"/>
  <File Type="ROUTE-RQS-RPT" Name="route_report_qor_suggestions_0.rpt"/>
  <File Type="POSTROUTE-PHYSOPT-RQS-RPT" Name="postroute_physopt_report_qor_suggestions_0.rpt"/>
  <FileSet Name="sources" Type="DesignSrcs" RelSrcDir="$PSRCDIR/sources_1" RelGenDir="$PGENDIR/sources_1">
    <Filter Type="Srcs"/>
    <File Path="$PSRCDIR/sources_1/new/adder_1bit.v">
      <FileInfo>
        <Attr Name="UsedIn" Val="synthesis"/>
        <Attr Name="UsedIn" Val="implementation"/>
        <Attr Name="UsedIn" Val="simulation"/>
      </FileInfo>
    </File>
    <File Path="$PSRCDIR/sources_1/new/addsub_1bit.v">
      <FileInfo>
        <Attr Name="UsedIn" Val="synthesis"/>
        <Attr Name="UsedIn" Val="implementation"/>
        <Attr Name="UsedIn" Val="simulation"/>
      </FileInfo>
    </File>
    <File Path="$PSRCDIR/sources_1/new/addsub_4bit.v">
      <FileInfo>
        <Attr Name="UsedIn" Val="synthesis"/>
        <Attr Name="UsedIn" Val="implementation"/>
        <Attr Name="UsedIn" Val="simulation"/>
      </FileInfo>
    </File>
    <Config>
      <Option Name="DesignMode" Val="RTL"/>
      <Option Name="TopModule" Val="addsub_4bit"/>
      <Option Name="TopAutoSet" Val="TRUE"/>
    </Config>
  </FileSet>
  <FileSet Name="constrs_in" Type="Constrs" RelSrcDir="$PSRCDIR/constrs_1" RelGenDir="$PGENDIR/constrs_1">
    <Filter Type="Constrs"/>
    <File Path="$PSRCDIR/constrs_1/new/addsub_4bit.xdc">
      <FileInfo>
        <Attr Name="UsedIn" Val="synthesis"/>
        <Attr Name="UsedIn" Val="implementation"/>
      </FileInfo>
    </File>
    <Config>
      <Option Name="ConstrsType" Val="XDC"/>
    </Config>
  </FileSet>
  <FileSet Name="utils" Type="Utils" RelSrcDir="$PSRCDIR/utils_1" RelGenDir="$PGENDIR/utils_1">
    <Filter Type="Utils"/>
    <File Path="$PSRCDIR/utils_1/imports/synth_1/addsub_4bit.dcp">
      <FileInfo>
        <Attr Name="UsedIn" Val="synthesis"/>
        <Attr Name="UsedIn" Val="implementation"/>
        <Attr Name="UsedInSteps" Val="synth_1"/>
        <Attr Name="AutoDcp" Val="1"/>
      </FileInfo>
    </File>
    <Config>
      <Option Name="TopAutoSet" Val="TRUE"/>
    </Config>
  </FileSet>
  <Strategy Version="1" Minor="2">
    <StratHandle Name="Vivado Implementation Defaults" Flow="Vivado Implementation 2023"/>
    <Step Id="init_design"/>
    <Step Id="opt_design"/>
    <Step Id="power_opt_design"/>
    <Step Id="place_design"/>
    <Step Id="post_place_power_opt_design"/>
    <Step Id="phys_opt_design"/>
    <Step Id="route_design"/>
    <Step Id="post_route_phys_opt_design"/>
    <Step Id="write_bitstream"/>
  </Strategy>
</GenRun>
