<?xml version="1.0" encoding="UTF-8"?>
<GenRun Id="impl_1" LaunchPart="xc7a35tcsg324-1" LaunchTime="1712736804">
  <File Type="ROUTE-PWR" Name="addsub_4bitmux_power_routed.rpt"/>
  <File Type="PA-TCL" Name="addsub_4bitmux.tcl"/>
  <File Type="ROUTE-PWR-SUM" Name="addsub_4bitmux_power_summary_routed.pb"/>
  <File Type="REPORTS-TCL" Name="addsub_4bitmux_reports.tcl"/>
  <File Type="BITSTR-MSK" Name="addsub_4bitmux.msk"/>
  <File Type="ROUTE-CLK" Name="addsub_4bitmux_clock_utilization_routed.rpt"/>
  <File Type="RDI-RDI" Name="addsub_4bitmux.vdi"/>
  <File Type="POSTROUTE-PHYSOPT-BUS-SKEW-PB" Name="addsub_4bitmux_bus_skew_postroute_physopted.pb"/>
  <File Type="BG-BIT" Name="addsub_4bitmux.bit"/>
  <File Type="BG-DRC" Name="addsub_4bitmux.drc"/>
  <File Type="BG-BGN" Name="addsub_4bitmux.bgn"/>
  <File Type="BG-BIN" Name="addsub_4bitmux.bin"/>
  <File Type="BITSTR-RBT" Name="addsub_4bitmux.rbt"/>
  <File Type="BITSTR-NKY" Name="addsub_4bitmux.nky"/>
  <File Type="BITSTR-BMM" Name="addsub_4bitmux_bd.bmm"/>
  <File Type="BITSTR-MMI" Name="addsub_4bitmux.mmi"/>
  <File Type="ROUTE-METHODOLOGY-DRC" Name="addsub_4bitmux_methodology_drc_routed.rpt"/>
  <File Type="BITSTR-SYSDEF" Name="addsub_4bitmux.sysdef"/>
  <File Type="BITSTR-LTX" Name="debug_nets.ltx"/>
  <File Type="BITSTR-LTX" Name="addsub_4bitmux.ltx"/>
  <File Type="WBT-USG" Name="usage_statistics_webtalk.html"/>
  <File Type="OPT-DRC" Name="addsub_4bitmux_drc_opted.rpt"/>
  <File Type="OPT-HWDEF" Name="addsub_4bitmux.hwdef"/>
  <File Type="PLACE-IO" Name="addsub_4bitmux_io_placed.rpt"/>
  <File Type="PLACE-UTIL" Name="addsub_4bitmux_utilization_placed.rpt"/>
  <File Type="PLACE-UTIL-PB" Name="addsub_4bitmux_utilization_placed.pb"/>
  <File Type="PLACE-CTRL" Name="addsub_4bitmux_control_sets_placed.rpt"/>
  <File Type="PLACE-PRE-SIMILARITY" Name="addsub_4bitmux_incremental_reuse_pre_placed.rpt"/>
  <File Type="ROUTE-DRC" Name="addsub_4bitmux_drc_routed.rpt"/>
  <File Type="ROUTE-DRC-PB" Name="addsub_4bitmux_drc_routed.pb"/>
  <File Type="ROUTE-PWR-RPX" Name="addsub_4bitmux_power_routed.rpx"/>
  <File Type="ROUTE-STATUS" Name="addsub_4bitmux_route_status.rpt"/>
  <File Type="ROUTE-STATUS-PB" Name="addsub_4bitmux_route_status.pb"/>
  <File Type="ROUTE-DCP" Name="addsub_4bitmux_routed.dcp"/>
  <File Type="ROUTE-ERROR-DCP" Name="addsub_4bitmux_routed_error.dcp"/>
  <File Type="ROUTE-BLACKBOX-DCP" Name="addsub_4bitmux_routed_bb.dcp"/>
  <File Type="ROUTE-TIMINGSUMMARY" Name="addsub_4bitmux_timing_summary_routed.rpt"/>
  <File Type="ROUTE-TIMING-PB" Name="addsub_4bitmux_timing_summary_routed.pb"/>
  <File Type="ROUTE-TIMING-RPX" Name="addsub_4bitmux_timing_summary_routed.rpx"/>
  <File Type="ROUTE-SIMILARITY" Name="addsub_4bitmux_incremental_reuse_routed.rpt"/>
  <File Type="ROUTE-BUS-SKEW" Name="addsub_4bitmux_bus_skew_routed.rpt"/>
  <File Type="ROUTE-BUS-SKEW-PB" Name="addsub_4bitmux_bus_skew_routed.pb"/>
  <File Type="ROUTE-BUS-SKEW-RPX" Name="addsub_4bitmux_bus_skew_routed.rpx"/>
  <File Type="OPT-DCP" Name="addsub_4bitmux_opt.dcp"/>
  <File Type="PLACE-DCP" Name="addsub_4bitmux_placed.dcp"/>
  <File Type="PWROPT-DCP" Name="addsub_4bitmux_pwropt.dcp"/>
  <File Type="POSTPLACE-PWROPT-DCP" Name="addsub_4bitmux_postplace_pwropt.dcp"/>
  <File Type="PHYSOPT-DCP" Name="addsub_4bitmux_physopt.dcp"/>
  <File Type="POSTROUTE-PHYSOPT-DCP" Name="addsub_4bitmux_postroute_physopt.dcp"/>
  <File Type="POSTROUTE-PHYSOPT-BLACKBOX-DCP" Name="addsub_4bitmux_postroute_physopt_bb.dcp"/>
  <File Type="POSTROUTE-PHYSOPT-TIMING" Name="addsub_4bitmux_timing_summary_postroute_physopted.rpt"/>
  <File Type="POSTROUTE-PHYSOPT-TIMING-PB" Name="addsub_4bitmux_timing_summary_postroute_physopted.pb"/>
  <File Type="POSTROUTE-PHYSOPT-TIMING-RPX" Name="addsub_4bitmux_timing_summary_postroute_physopted.rpx"/>
  <File Type="POSTROUTE-PHYSOPT-BUS-SKEW" Name="addsub_4bitmux_bus_skew_postroute_physopted.rpt"/>
  <File Type="POSTROUTE-PHYSOPT-BUS-SKEW-RPX" Name="addsub_4bitmux_bus_skew_postroute_physopted.rpx"/>
  <File Type="ROUTE-METHODOLOGY-DRC-PB" Name="addsub_4bitmux_methodology_drc_routed.pb"/>
  <File Type="ROUTE-DRC-RPX" Name="addsub_4bitmux_drc_routed.rpx"/>
  <File Type="ROUTE-METHODOLOGY-DRC-RPX" Name="addsub_4bitmux_methodology_drc_routed.rpx"/>
  <File Type="PDI-FILE" Name="addsub_4bitmux.pdi"/>
  <File Type="BOOT-PDI-FILE" Name="addsub_4bitmux_boot.pdi"/>
  <File Type="PL-PDI-FILE" Name="addsub_4bitmux_pld.pdi"/>
  <File Type="RCFI_FILE" Name="addsub_4bitmux.rcfi"/>
  <File Type="CFI_FILE" Name="addsub_4bitmux.cfi"/>
  <File Type="RNPI_FILE" Name="addsub_4bitmux.rnpi"/>
  <File Type="NPI_FILE" Name="addsub_4bitmux.npi"/>
  <File Type="RBD_FILE" Name="addsub_4bitmux.rbd"/>
  <File Type="ROUTE-RQS" Name="addsub_4bitmux_routed.rqs"/>
  <File Type="POSTROUTE-PHYSOPT-RQS" Name="addsub_4bitmux_postroute_physopted.rqs"/>
  <File Type="ROUTE-RQS-RPT" Name="route_report_qor_suggestions_0.rpt"/>
  <File Type="POSTROUTE-PHYSOPT-RQS-RPT" Name="postroute_physopt_report_qor_suggestions_0.rpt"/>
  <FileSet Name="sources" Type="DesignSrcs" RelSrcDir="$PSRCDIR/sources_1" RelGenDir="$PGENDIR/sources_1">
    <Filter Type="Srcs"/>
    <File Path="$PSRCDIR/sources_1/new/adder_1bit.v">
      <FileInfo>
        <Attr Name="UsedIn" Val="synthesis"/>
        <Attr Name="UsedIn" Val="implementation"/>
        <Attr Name="UsedIn" Val="simulation"/>
      </FileInfo>
    </File>
    <File Path="$PSRCDIR/sources_1/new/addsub_1bit.v">
      <FileInfo>
        <Attr Name="UsedIn" Val="synthesis"/>
        <Attr Name="UsedIn" Val="implementation"/>
        <Attr Name="UsedIn" Val="simulation"/>
      </FileInfo>
    </File>
    <File Path="$PSRCDIR/sources_1/new/addsub_4bit.v">
      <FileInfo>
        <Attr Name="UsedIn" Val="synthesis"/>
        <Attr Name="UsedIn" Val="implementation"/>
        <Attr Name="UsedIn" Val="simulation"/>
      </FileInfo>
    </File>
    <File Path="$PSRCDIR/sources_1/new/and_4bit.v">
      <FileInfo>
        <Attr Name="UsedIn" Val="synthesis"/>
        <Attr Name="UsedIn" Val="implementation"/>
        <Attr Name="UsedIn" Val="simulation"/>
      </FileInfo>
    </File>
    <File Path="$PSRCDIR/sources_1/new/mux41_1bit.v">
      <FileInfo>
        <Attr Name="UsedIn" Val="synthesis"/>
        <Attr Name="UsedIn" Val="implementation"/>
        <Attr Name="UsedIn" Val="simulation"/>
      </FileInfo>
    </File>
    <File Path="$PSRCDIR/sources_1/new/mux41_4bit.v">
      <FileInfo>
        <Attr Name="UsedIn" Val="synthesis"/>
        <Attr Name="UsedIn" Val="implementation"/>
        <Attr Name="UsedIn" Val="simulation"/>
      </FileInfo>
    </File>
    <File Path="$PSRCDIR/sources_1/new/or_4bit.v">
      <FileInfo>
        <Attr Name="UsedIn" Val="synthesis"/>
        <Attr Name="UsedIn" Val="implementation"/>
        <Attr Name="UsedIn" Val="simulation"/>
      </FileInfo>
    </File>
    <File Path="$PSRCDIR/sources_1/new/addsub_4bitmux.v">
      <FileInfo>
        <Attr Name="UsedIn" Val="synthesis"/>
        <Attr Name="UsedIn" Val="implementation"/>
        <Attr Name="UsedIn" Val="simulation"/>
      </FileInfo>
    </File>
    <Config>
      <Option Name="DesignMode" Val="RTL"/>
      <Option Name="TopModule" Val="addsub_4bitmux"/>
      <Option Name="TopAutoSet" Val="TRUE"/>
    </Config>
  </FileSet>
  <FileSet Name="constrs_in" Type="Constrs" RelSrcDir="$PSRCDIR/constrs_1" RelGenDir="$PGENDIR/constrs_1">
    <Filter Type="Constrs"/>
    <File Path="$PSRCDIR/constrs_1/new/addsub_4bitmux.xdc">
      <FileInfo>
        <Attr Name="UsedIn" Val="synthesis"/>
        <Attr Name="UsedIn" Val="implementation"/>
      </FileInfo>
    </File>
    <Config>
      <Option Name="ConstrsType" Val="XDC"/>
    </Config>
  </FileSet>
  <FileSet Name="utils" Type="Utils" RelSrcDir="$PSRCDIR/utils_1" RelGenDir="$PGENDIR/utils_1">
    <Filter Type="Utils"/>
    <File Path="$PSRCDIR/utils_1/imports/synth_1/addsub_4bitmux.dcp">
      <FileInfo>
        <Attr Name="UsedIn" Val="synthesis"/>
        <Attr Name="UsedIn" Val="implementation"/>
        <Attr Name="UsedInSteps" Val="synth_1"/>
        <Attr Name="AutoDcp" Val="1"/>
      </FileInfo>
    </File>
    <Config>
      <Option Name="TopAutoSet" Val="TRUE"/>
    </Config>
  </FileSet>
  <Strategy Version="1" Minor="2">
    <StratHandle Name="Vivado Implementation Defaults" Flow="Vivado Implementation 2023"/>
    <Step Id="init_design"/>
    <Step Id="opt_design"/>
    <Step Id="power_opt_design"/>
    <Step Id="place_design"/>
    <Step Id="post_place_power_opt_design"/>
    <Step Id="phys_opt_design"/>
    <Step Id="route_design"/>
    <Step Id="post_route_phys_opt_design"/>
    <Step Id="write_bitstream"/>
    <Step Id="write_device_image"/>
  </Strategy>
</GenRun>
